<?xml version="1.0" encoding="UTF-8"?>
<project-private xmlns="http://www.netbeans.org/ns/project-private/1">
    <editor-bookmarks xmlns="http://www.netbeans.org/ns/editor-bookmarks/2" lastBookmarkId="0"/>
    <open-files xmlns="http://www.netbeans.org/ns/projectui-open-files/2">
        <group>
            <file>file:/E:/2nd%20Semester%20of%2020%20batch/practical%20OOP/Project/MainClass/src/mainclass/About.java</file>
            <file>file:/E:/2nd%20Semester%20of%2020%20batch/practical%20OOP/Project/MainClass/src/mainclass/Home.java</file>
            <file>file:/E:/2nd%20Semester%20of%2020%20batch/practical%20OOP/Project/MainClass/src/mainclass/SearchDS.java</file>
            <file>file:/E:/2nd%20Semester%20of%2020%20batch/practical%20OOP/Project/MainClass/src/mainclass/UpdateDataS.java</file>
            <file>file:/E:/2nd%20Semester%20of%2020%20batch/practical%20OOP/Project/MainClass/src/mainclass/AttendanceStu.java</file>
            <file>file:/E:/2nd%20Semester%20of%2020%20batch/practical%20OOP/Project/MainClass/src/mainclass/FeeCh.java</file>
            <file>file:/E:/2nd%20Semester%20of%2020%20batch/practical%20OOP/Project/MainClass/src/mainclass/Teachers.java</file>
            <file>file:/E:/2nd%20Semester%20of%2020%20batch/practical%20OOP/Project/MainClass/src/mainclass/MainClass.java</file>
            <file>file:/E:/2nd%20Semester%20of%2020%20batch/practical%20OOP/Project/MainClass/src/mainclass/TeaSearchD.java</file>
            <file>file:/E:/2nd%20Semester%20of%2020%20batch/practical%20OOP/Project/MainClass/src/mainclass/ShowAttendStu.java</file>
            <file>file:/E:/2nd%20Semester%20of%2020%20batch/practical%20OOP/Project/MainClass/src/mainclass/TeaAddData.java</file>
            <file>file:/E:/2nd%20Semester%20of%2020%20batch/practical%20OOP/Project/MainClass/src/mainclass/AttendS.java</file>
            <file>file:/E:/2nd%20Semester%20of%2020%20batch/practical%20OOP/Project/MainClass/src/mainclass/IDandPassword.java</file>
            <file>file:/E:/2nd%20Semester%20of%2020%20batch/practical%20OOP/Project/MainClass/src/mainclass/AddDataS.java</file>
            <file>file:/E:/2nd%20Semester%20of%2020%20batch/practical%20OOP/Project/MainClass/src/mainclass/Students.java</file>
            <file>file:/E:/2nd%20Semester%20of%2020%20batch/practical%20OOP/Project/MainClass/src/mainclass/LoginPage.java</file>
        </group>
    </open-files>
</project-private>
